local_path,file_size,sha256,provenance_status
data/.gitkeep,0,e3b0c44298fc1c149afbf4c8996fb92427ae41e4649b934ca495991b7852b855,unverified
data/canonical/compound_master_raw.csv,112335,c9e7170d6065b5754615d4609e7b563ff4837cf8091d5a006f14f363f61ed439,unverified
data/canonical/compound_unmatched.csv,3130,9940b10111831e22768cc0fc05af4e8655d584878e590d2fc39d8cafe068d104,unverified
data/canonical/pubchem_fetch_report.json,318,05342bbe70f0df3706694b68affc0433e447cd518e14c51b034e7c0a70a2d128,unverified
data/raw/cancer_driver_mutations/cmc_export.tsv,1878773780,da513a850444cb38c79889acbdce7d69a1cff5a3a45cbc70356935f537741c08,unverified
data/raw/cancer_driver_mutations/README_CancerMutationCensus_AllData_v104_GRCh37.txt,5968,a3f998723405d52fa2b573eeb77cb14237f860149227e0ad7a1e09469ee7eeb1,unverified
data/raw/cell_line_omics/26Q1_Mutation_Pipeline_Documentation.pdf,218876,69f078de77321e41558e7a7b2a740717309e108408aac516c0b8af483e205cb1,unverified
data/raw/cell_line_omics/CCLE_DNA_methylation_TSS1kb.txt,149292202,7fa14da9dcfacd2ce7d3b179d12ad82f362abfec41921db2b21c0a181b75b1ba,unverified
data/raw/cell_line_omics/Cell_lines_annotations_20181226.txt,335355,77648d1cada2f325ba2c049a5fb5408434f73b963c8e1148fb82ba2653e469e1,unverified
data/raw/cell_line_omics/DepMap_CNGeneWGS.csv,409005582,d2fe65b516802fb2b355b953fcc43dcb908840f275e9166c0dbd7defadca8a1d,unverified
data/raw/cell_line_omics/DepMap_ExpressionTPMLogp1HumanProteinCodingGenes.csv,305007605,0377be80c525fde98cbd2c6e8b06bdf2a4014a9683eb70182c1f8649d711021a,unverified
data/raw/cell_line_omics/DepMap_Model_26Q1.csv,697455,ea4e0b2a3bc806f81df62689a5ae75f1a100135727a3d7b8a4c7ccc8815183f8,unverified
data/raw/cell_line_omics/DepMap_SomaticMutations.csv,580755338,4d50634373578621bfb9f8ca69b38cfffc3f9b7abcdefd653044a675b856c520,unverified
data/raw/cell_line_omics/Gene.csv,17440425,0f668e0fb4356a82b791a4a4f037b223b266a589177f7b1c173cc241e33422ea,unverified
data/raw/drug_gene_interaction/categories.tsv,1557934,946c513cd3ed9c94e36b24681d42e1e598aa7edfac8d3461ffa283504657f3db,unverified
data/raw/drug_gene_interaction/drugs.tsv,8029920,f939ee92621125dbfca8bdae23d2086605405b8274190fc69e39104c614142d2,unverified
data/raw/drug_gene_interaction/genes.tsv,4356295,f090a58280b7f410e9e68b75bb6ea0c00c439c2ed10182eb58a46b6e2583825d,unverified
data/raw/drug_gene_interaction/interactions.tsv,12178745,08af778126a4f22a10fddb7fe06745df07f068ce76c016fe22c59c524ef3de9c,unverified
data/raw/drug_sensitivity/GDSC2_fitted_dose_response_27Oct23.csv,36352214,a4e757f80315c1a188bb15de313fd0696c9753ee966f1f9e62eaf98d2c09fe39,unverified
data/raw/drug_structures/compound_cid_smiles.csv,18551,c779de156a86870408777ab0925bfa22366cadab2aeaa0c43d6f04eae6c99b7f,unverified
data/raw/entity_mapping/cellosaurus.txt,122297334,b225da548b65e8db10597759bc152c78b1b9d23e123494744510d7569cf4ab3b,unverified
data/raw/pathway/msigdb_v2026.1.Hs_chip_files_to_download_locally/Human_AFFY_HG_U133_MSigDB.v2026.1.Hs.chip,3574819,480fd2271e2447ac9ce57079528c487eb8e73eb83c7095bd3e2d408d92d84e93,unverified
data/raw/pathway/msigdb_v2026.1.Hs_chip_files_to_download_locally/Human_AFFY_HG_U95_MSigDB.v2026.1.Hs.chip,3482713,82ca1a0df7a293250288c133158e4128dd85f0af41c3208e24371c3e57845a93,unverified
data/raw/pathway/msigdb_v2026.1.Hs_chip_files_to_download_locally/Human_AFFY_HuGene_MSigDB.v2026.1.Hs.chip,5817985,ebd398779712997d5467911f30b3cc092c82cf0d58b34825d0b581d3f6a94689,unverified
data/raw/pathway/msigdb_v2026.1.Hs_chip_files_to_download_locally/Human_AFFY_MISC_Array_MSigDB.v2026.1.Hs.chip,13673621,e7e7a74b4cc2e5de032d4e6f5442d404f33af38d4b3e3240ae723751f192b1b6,unverified
data/raw/pathway/msigdb_v2026.1.Hs_chip_files_to_download_locally/Human_AGILENT_Array_MSigDB.v2026.1.Hs.chip,5728098,29a6528f2e92e145c8db255bb59af6779b0fc3a6cc522f9b33e6e4351390149f,unverified
data/raw/pathway/msigdb_v2026.1.Hs_chip_files_to_download_locally/Human_Codelink_Codelink_MSigDB.v2026.1.Hs.chip,2365248,318edf55c418d53b929aacac52e493a76482f6f0c0db0096e74119e0d6a70ce9,unverified
data/raw/pathway/msigdb_v2026.1.Hs_chip_files_to_download_locally/Human_Ensembl_Gene_ID_MSigDB.v2026.1.Hs.chip,4628437,b4cfa37ba9cf79f5acf973da0656347a72fccee28abdbfa4f5bd6a542a8d2fc1,unverified
data/raw/pathway/msigdb_v2026.1.Hs_chip_files_to_download_locally/Human_Ensembl_Transcript_ID_MSigDB.v2026.1.Hs.chip,39736988,f81a34572c49ce51d2ceeaba68f583673cb1ba704f507b4e4ff0c2ed366d8599,unverified
data/raw/pathway/msigdb_v2026.1.Hs_chip_files_to_download_locally/Human_Gene_Symbol_with_Remapping_MSigDB.v2026.1.Hs.chip,13966576,489c1541a2c06efd56133503604623d55e6766050c9e6cc74eb94eacbd30b2a6,unverified
data/raw/pathway/msigdb_v2026.1.Hs_chip_files_to_download_locally/Human_HGNC_ID_MSigDB.v2026.1.Hs.chip,3651380,ec1bd23b6f443f1c3df3cf901ebbe63cc0cd72b709b00cf365132fbb8b4a6fd4,unverified
data/raw/pathway/msigdb_v2026.1.Hs_chip_files_to_download_locally/Human_ILLUMINA_Array_MSigDB.v2026.1.Hs.chip,2938062,a2604000bdfb3a702b6b5e12867d489827f70b6333d5cb54af0c9f2c66ce4205,unverified
data/raw/pathway/msigdb_v2026.1.Hs_chip_files_to_download_locally/Human_Image_Clone_MSigDB.v2026.1.Hs.chip,195686419,ae00b55dd1e1539c4193d4f4b17dd268564fc936ab3f1a8ba96ba5840680da9f,unverified
data/raw/pathway/msigdb_v2026.1.Hs_chip_files_to_download_locally/Human_NCBI_Gene_ID_MSigDB.v2026.1.Hs.chip,5469273,fb62630e8b907c3c72ed167c235029abcce2b36ecc52628d777c43ba9aadee82,unverified
data/raw/pathway/msigdb_v2026.1.Hs_chip_files_to_download_locally/Human_Phalanx_OneArray_MSigDB.v2026.1.Hs.chip,2129415,666ed484bc6e929910e2515a890bce918b50bdc903c00ed790cd881cd1ed867a,unverified
data/raw/pathway/msigdb_v2026.1.Hs_chip_files_to_download_locally/Human_RefSeq_Accession_Extended_MSigDB.v2026.1.Hs.chip,40443818,d3ce6ee32f494ebf83e5de929370c6db8c6c45b33a8ffc8244036a747eecb8b0,unverified
data/raw/pathway/msigdb_v2026.1.Hs_chip_files_to_download_locally/Human_RefSeq_Accession_MSigDB.v2026.1.Hs.chip,29271590,f828f31b50d37e7d657ed3f83f5f05962764de0ff9168224de91db81fac3b1fc,unverified
data/raw/pathway/msigdb_v2026.1.Hs_chip_files_to_download_locally/Human_Seq_Accession_MSigDB.v2026.1.Hs.chip,597067739,52866ea3d0f800c241ae851a44488a8270f11ee2d296158b13f42894f727e70d,unverified
data/raw/pathway/msigdb_v2026.1.Hs_chip_files_to_download_locally/Human_UniProt_IDs_MSigDB.v2026.1.Hs.chip,8707146,5f754fa432537a5d9f6eaf10257c262830ad2746919ad33d3b787e694af635c8,unverified
data/raw/pathway/msigdb_v2026.1.Hs_chip_files_to_download_locally/Macaque_Ensembl_Gene_ID_Human_Orthologs_MSigDB.v2026.1.Hs.chip,1585638,23781870bf2cb93ef90ee2ca105c8009d9f5501ed52ef8bfc9e6962e4cf17b15,unverified
data/raw/pathway/msigdb_v2026.1.Hs_chip_files_to_download_locally/Mouse_AFFY_MG_U74_Human_Orthologs_MSigDB.v2026.1.Hs.chip,1945811,c0371353fc267fe8ada8edc122aafb5a72f1e1825e8ba7da37c08b062a58eb88,unverified
data/raw/pathway/msigdb_v2026.1.Hs_chip_files_to_download_locally/Mouse_AFFY_MoGene_Human_Orthologs_MSigDB.v2026.1.Hs.chip,3857058,17e4f64af1313616b1c4aa0495afba86040ab876f45b5f2863b2bb98fda2d537,unverified
data/raw/pathway/msigdb_v2026.1.Hs_chip_files_to_download_locally/Mouse_AFFY_Mouse430_Human_Orthologs_MSigDB.v2026.1.Hs.chip,2743832,05f97c45fd8da76aaa076df06ca91d7146996bfbf9a15431d4320fba0ba4f97d,unverified
data/raw/pathway/msigdb_v2026.1.Hs_chip_files_to_download_locally/Mouse_AFFY_Mu11K_Human_Orthologs_MSigDB.v2026.1.Hs.chip,784535,ed1f8a540f501d00f91c01e745f4cd6a99aff4460c668789f4d7313c4325065e,unverified
data/raw/pathway/msigdb_v2026.1.Hs_chip_files_to_download_locally/Mouse_AGILENT_Array_Human_Orthologs_MSigDB.v2026.1.Hs.chip,4085809,ffc2b1eaba0fd1e8b1efb0c66809a80a2bdf8afdaedf8b70e64a9b26f65c4c51,unverified
data/raw/pathway/msigdb_v2026.1.Hs_chip_files_to_download_locally/Mouse_Codelink_Codelink_Human_Orthologs_MSigDB.v2026.1.Hs.chip,1667169,ca85acc304ec612de9e2b15989a69f423c1d7c85aba5ff93951ab45fdcd684b4,unverified
data/raw/pathway/msigdb_v2026.1.Hs_chip_files_to_download_locally/Mouse_Ensembl_Gene_ID_Human_Orthologs_MSigDB.v2026.1.Hs.chip,1900681,f6eab58d04dc36285574a5fe46bac7f3a6afb78b169052b62ab4a4aedff4de43,unverified
data/raw/pathway/msigdb_v2026.1.Hs_chip_files_to_download_locally/Mouse_Ensembl_Transcript_ID_Human_Orthologs_MSigDB.v2026.1.Hs.chip,9579287,368289de630ad9bedabbea222b7d2da6391e73b01eb2ff52bba178f0cba34424,unverified
data/raw/pathway/msigdb_v2026.1.Hs_chip_files_to_download_locally/Mouse_Gene_Symbol_Remapping_Human_Orthologs_MSigDB.v2026.1.Hs.chip,8855712,725e3f00b559531f5ce1dfda582059749d57f4d2c1f50ded39da3f22ac031b5e,unverified
data/raw/pathway/msigdb_v2026.1.Hs_chip_files_to_download_locally/Mouse_ILLUMINA_Array_Human_Orthologs_MSigDB.v2026.1.Hs.chip,3808493,099c93c3bcd9e06f047a671f3d20240059b7dc6ebf4ef5d039dd423e41a72ebc,unverified
data/raw/pathway/msigdb_v2026.1.Hs_chip_files_to_download_locally/Mouse_Image_Clone_Human_Orthologs_MSigDB.v2026.1.Hs.chip,88339991,eb0196af461859f88e2f91a7758dcab89c6aa5b58688c1d03e661bbb15e481c5,unverified
data/raw/pathway/msigdb_v2026.1.Hs_chip_files_to_download_locally/Mouse_MGI_ID_Human_Orthologs_MSigDB.v2026.1.Hs.chip,1750560,5b60d795452c666ebb9029132066a4ea011db6833281265051cdb7a306d8158c,unverified
data/raw/pathway/msigdb_v2026.1.Hs_chip_files_to_download_locally/Mouse_NCBI_Gene_ID_Human_Orthologs_MSigDB.v2026.1.Hs.chip,3558784,4128582fe92be804ae69e494aa08aa600c062089cf6b29950ac29e384d55cfca,unverified
data/raw/pathway/msigdb_v2026.1.Hs_chip_files_to_download_locally/Mouse_Operon_V1_1_Human_Orthologs_MSigDB.v2026.1.Hs.chip,419497,eaee60e2a5ae9467d6fb35bdee2349cda9d9dc0f78226e9a77796bf9011070c0,unverified
data/raw/pathway/msigdb_v2026.1.Hs_chip_files_to_download_locally/Mouse_Phalanx_OneArray_Human_Orthologs_MSigDB.v2026.1.Hs.chip,1921130,043300488d247de6441391e9a1434ae3ac37ad62ed39e228810d1b35e2bdd917,unverified
data/raw/pathway/msigdb_v2026.1.Hs_chip_files_to_download_locally/Mouse_RefSeq_Accession_Extended_Human_Orthologs_MSigDB.v2026.1.Hs.chip,17471342,326a551e8649ac7c046dd2e383f1bf309591a45e0d5b0250804fcec84bfdf262,unverified
data/raw/pathway/msigdb_v2026.1.Hs_chip_files_to_download_locally/Mouse_RefSeq_Accession_Human_Orthologs_MSigDB.v2026.1.Hs.chip,16497987,065c39160a95a03df858e84b1180e006ec7b945e744614d1182aa3c27b23edd3,unverified
data/raw/pathway/msigdb_v2026.1.Hs_chip_files_to_download_locally/Mouse_Seq_Accession_Human_Orthologs_MSigDB.v2026.1.Hs.chip,338263434,820ff0c3e5ce9895d4d1852d6d74674dbc2605c216d41aea22ba6f16b7e3c1b1,unverified
data/raw/pathway/msigdb_v2026.1.Hs_chip_files_to_download_locally/Mouse_UCSC_ID_Human_Orthologs_MSigDB.v2026.1.Hs.chip,230676,bec202a7d437a89260bf91e258f76e923af99b86a33383a0bb9eecc840fdd248,unverified
data/raw/pathway/msigdb_v2026.1.Hs_chip_files_to_download_locally/Mouse_UniProt_IDs_Human_Orthologs_MSigDB.v2026.1.Hs.chip,5951235,c86e6ac6849c5d73f52c9f69ec2524b3926b932b9038cd978300736442f96e25,unverified
data/raw/pathway/msigdb_v2026.1.Hs_chip_files_to_download_locally/Rat_AFFY_230_Human_Orthologs_MSigDB.v2026.1.Hs.chip,1776096,b9a71c464c44a3900767ca3aeae7bdb57f34bb93b7c47aec51e972e6afb9f3b9,unverified
data/raw/pathway/msigdb_v2026.1.Hs_chip_files_to_download_locally/Rat_AFFY_RaGene_Human_Orthologs_MSigDB.v2026.1.Hs.chip,3421289,6847010b1dd30383cb2da4d0e73c2da19fc0bc1fc768b1bb2991eb8c5ef87e8f,unverified
data/raw/pathway/msigdb_v2026.1.Hs_chip_files_to_download_locally/Rat_AFFY_U34_Human_Orthologs_MSigDB.v2026.1.Hs.chip,1553890,a5a57579dba0dc662b46c0ae4b1bbc32262d448e43b1369cdfc410d808372e14,unverified
data/raw/pathway/msigdb_v2026.1.Hs_chip_files_to_download_locally/Rat_AGILENT_Array_Human_Orthologs_MSigDB.v2026.1.Hs.chip,2987543,331e7aad0b28fe8ce1b85844f4f629e0f192cef3c3baaff1195fd6842a2470eb,unverified
data/raw/pathway/msigdb_v2026.1.Hs_chip_files_to_download_locally/Rat_Codelink_Codelink_Human_Orthologs_MSigDB.v2026.1.Hs.chip,1642281,61f4ad39a751d688a2eb5ccc6c7a11fbbc3268f6743af90ed27b9738eb69210e,unverified
data/raw/pathway/msigdb_v2026.1.Hs_chip_files_to_download_locally/Rat_Ensembl_Gene_ID_Human_Orthologs_MSigDB.v2026.1.Hs.chip,2120710,3580ec5144b4ed017fc418dd9fbbb96bbdabbcb1fae1ba6ab23410eaff3e091b,unverified
data/raw/pathway/msigdb_v2026.1.Hs_chip_files_to_download_locally/Rat_Ensembl_Transcript_ID_Human_Orthologs_MSigDB.v2026.1.Hs.chip,4505673,9215f17a5f154b1a7af77726bf2f38073d12199c0ceefc6a0e92a7bebfc5ba5c,unverified
data/raw/pathway/msigdb_v2026.1.Hs_chip_files_to_download_locally/Rat_Gene_Symbol_Remapping_Human_Orthologs_MSigDB.v2026.1.Hs.chip,5990029,a30e815769a74efe5d4143bc51bd0266e030e4bce5d3605b02197ee305f4ba66,unverified
data/raw/pathway/msigdb_v2026.1.Hs_chip_files_to_download_locally/Rat_ILLUMINA_Array_Human_Orthologs_MSigDB.v2026.1.Hs.chip,1334666,ab41073e49616a2ef6055036106cd5cefbd09384850f0b07aa268bc687e036fb,unverified
data/raw/pathway/msigdb_v2026.1.Hs_chip_files_to_download_locally/Rat_Image_Clone_Human_Orthologs_MSigDB.v2026.1.Hs.chip,12325914,e1fb9a11520cee0994df9b1ad05984876768cea5bac9ba0e47ede7de1eb7af2b,unverified
data/raw/pathway/msigdb_v2026.1.Hs_chip_files_to_download_locally/Rat_NCBI_Gene_ID_Human_Orthologs_MSigDB.v2026.1.Hs.chip,2096607,b65113d623ee551309827f42ea01ee172f84bcb107a205964655d5e9796c30f0,unverified
data/raw/pathway/msigdb_v2026.1.Hs_chip_files_to_download_locally/Rat_Phalanx_OneArray_Human_Orthologs_MSigDB.v2026.1.Hs.chip,1693951,afafae6016fe6fc83b377c1ba3c3a75f77da8b0dc2d3d5c4ea3614a0138b8bfa,unverified
data/raw/pathway/msigdb_v2026.1.Hs_chip_files_to_download_locally/Rat_RefSeq_Accession_Extended_Human_Orthologs_MSigDB.v2026.1.Hs.chip,15280445,09a21e967c2ee631c39ec7937d597251871c2bec7fec21f88e9b5c73f4ee1fd7,unverified
data/raw/pathway/msigdb_v2026.1.Hs_chip_files_to_download_locally/Rat_RefSeq_Accession_Human_Orthologs_MSigDB.v2026.1.Hs.chip,13326098,7c9300848f453bc025774e29af2a235756902fdb09e6dadfa9d9c203616ccf24,unverified
data/raw/pathway/msigdb_v2026.1.Hs_chip_files_to_download_locally/Rat_RGD_ID_Human_Orthologs_MSigDB.v2026.1.Hs.chip,6880592,c3b416942712a676763adb5aaa9c8534695bcd28ca799e9ad2fcc09c768bd650,unverified
data/raw/pathway/msigdb_v2026.1.Hs_chip_files_to_download_locally/Rat_Seq_Accession_Human_Orthologs_MSigDB.v2026.1.Hs.chip,82491831,598ad799870dd58b273f329c7ac325fe4a60a1c11a060914835e15ef38bb0aa5,unverified
data/raw/pathway/msigdb_v2026.1.Hs_chip_files_to_download_locally/Rat_UniProt_IDs_Human_Orthologs_MSigDB.v2026.1.Hs.chip,5098999,377587ba9f298cc0a102172aa0ed38dba89d0a98664ba411bbee40f2dec32af3,unverified
data/raw/pathway/msigdb_v2026.1.Hs_files_to_download_locally/msigdb_v2026.1.Hs_GMTs/c1.all.v2026.1.Hs.entrez.gmt,354572,1ae8c6390857184e6a43e23cd0946f8f01649637f0ba390531208dd5d01f0722,unverified
data/raw/pathway/msigdb_v2026.1.Hs_files_to_download_locally/msigdb_v2026.1.Hs_GMTs/c1.all.v2026.1.Hs.symbols.gmt,380137,ea8f0ac8405fcdf4c93ff8cb14eec54ebf10329073992a52e5afa969bc5f8277,unverified
data/raw/pathway/msigdb_v2026.1.Hs_files_to_download_locally/msigdb_v2026.1.Hs_GMTs/c2.all.v2026.1.Hs.entrez.gmt,4212158,ba308be95d7cbbec4ae27e9fc5403be37dbc13d75616b45ab03dbaacc198878b,unverified
data/raw/pathway/msigdb_v2026.1.Hs_files_to_download_locally/msigdb_v2026.1.Hs_GMTs/c2.all.v2026.1.Hs.symbols.gmt,4634828,237ee6165b3055d3a861d484c4959566a204a96a9b3bacee112dd03cc1751fb1,unverified
data/raw/pathway/msigdb_v2026.1.Hs_files_to_download_locally/msigdb_v2026.1.Hs_GMTs/c2.cgp.v2026.1.Hs.entrez.gmt,2674485,8db69a5a0a721951f8841d060266676b03097ad2b292f05046632cf9f5e92dfc,unverified
data/raw/pathway/msigdb_v2026.1.Hs_files_to_download_locally/msigdb_v2026.1.Hs_GMTs/c2.cgp.v2026.1.Hs.symbols.gmt,2957438,170609526c4a52d89f3ce3719b616b199b3b13d8785dc672a593fabb90e72bf2,unverified
data/raw/pathway/msigdb_v2026.1.Hs_files_to_download_locally/msigdb_v2026.1.Hs_GMTs/c2.cp.biocarta.v2026.1.Hs.entrez.gmt,53030,b0322f41f1f912292079335acf28e541e1d6fa0d5987709623668a20e779f6d9,unverified
data/raw/pathway/msigdb_v2026.1.Hs_files_to_download_locally/msigdb_v2026.1.Hs_GMTs/c2.cp.biocarta.v2026.1.Hs.symbols.gmt,57689,b53f03a674cedb6d86fef65c73ec1bd9704a86f6ac3e0f419667ff8730c6d4e3,unverified
data/raw/pathway/msigdb_v2026.1.Hs_files_to_download_locally/msigdb_v2026.1.Hs_GMTs/c2.cp.kegg_legacy.v2026.1.Hs.entrez.gmt,88313,b2b8502eac72bb36d306c0cc6037b1d97558b053874ce5d42db4d3a3efcde508,unverified
data/raw/pathway/msigdb_v2026.1.Hs_files_to_download_locally/msigdb_v2026.1.Hs_GMTs/c2.cp.kegg_legacy.v2026.1.Hs.symbols.gmt,100274,4a87c8d1260e637ec174f5960885519d46fa29da650e70d3a3641a4d41c4fa5e,unverified
data/raw/pathway/msigdb_v2026.1.Hs_files_to_download_locally/msigdb_v2026.1.Hs_GMTs/c2.cp.kegg_medicus.v2026.1.Hs.entrez.gmt,169439,d1d15ada0d5703df72529d6ef435d881446ff8d40b9208100c99910bf00e303c,unverified
data/raw/pathway/msigdb_v2026.1.Hs_files_to_download_locally/msigdb_v2026.1.Hs_GMTs/c2.cp.kegg_medicus.v2026.1.Hs.symbols.gmt,177277,e257052d604cb2f386f8372b3fb9b494095688ac8ae0d72ba947cc00f5628cb1,unverified
data/raw/pathway/msigdb_v2026.1.Hs_files_to_download_locally/msigdb_v2026.1.Hs_GMTs/c2.cp.pid.v2026.1.Hs.entrez.gmt,59647,81a09c8988d2a1eedda4d9a3680a3f93e0c74c4a86a52e605743c210e725c6ed,unverified
data/raw/pathway/msigdb_v2026.1.Hs_files_to_download_locally/msigdb_v2026.1.Hs_GMTs/c2.cp.pid.v2026.1.Hs.symbols.gmt,65610,208772254b8c13a6ee1c4a864cfa14b56657f279ec5b36e8999db87b951155e5,unverified
data/raw/pathway/msigdb_v2026.1.Hs_files_to_download_locally/msigdb_v2026.1.Hs_GMTs/c2.cp.reactome.v2026.1.Hs.entrez.gmt,820661,b2fcb2f6c81a598df5a645333f7ecf52c7a07b782dc39b30ff390d431dc20695,unverified
data/raw/pathway/msigdb_v2026.1.Hs_files_to_download_locally/msigdb_v2026.1.Hs_GMTs/c2.cp.reactome.v2026.1.Hs.symbols.gmt,898680,5d61f289a2400cddfbb3a3353829fd2284a360bbe50f2093b566c4b7bea93341,unverified
data/raw/pathway/msigdb_v2026.1.Hs_files_to_download_locally/msigdb_v2026.1.Hs_GMTs/c2.cp.v2026.1.Hs.entrez.gmt,1537673,67456c318441cecc7c96f3506912db5b7f61165989c09b6bc145029bf2306ac4,unverified
data/raw/pathway/msigdb_v2026.1.Hs_files_to_download_locally/msigdb_v2026.1.Hs_GMTs/c2.cp.v2026.1.Hs.symbols.gmt,1677390,af1b31c091f5d296438f6ca20fba0286ca31fd8ae84efd6317675e6579968093,unverified
data/raw/pathway/msigdb_v2026.1.Hs_files_to_download_locally/msigdb_v2026.1.Hs_GMTs/c2.cp.wikipathways.v2026.1.Hs.entrez.gmt,341654,5becdd7484c5e0b116efac7d94a70cc1aaca3141aca030b39595162c2c03ea5b,unverified
data/raw/pathway/msigdb_v2026.1.Hs_files_to_download_locally/msigdb_v2026.1.Hs_GMTs/c2.cp.wikipathways.v2026.1.Hs.symbols.gmt,372459,42c7a6dedea6a7abbc37f5d77d1ab84cc8fdaad44d7f664026047d23cc78f52c,unverified
data/raw/pathway/msigdb_v2026.1.Hs_files_to_download_locally/msigdb_v2026.1.Hs_GMTs/c3.all.v2026.1.Hs.entrez.gmt,5125187,7acad8e565d2369f085e470678d6055ea149786f32b982abb73853daeb753606,unverified
data/raw/pathway/msigdb_v2026.1.Hs_files_to_download_locally/msigdb_v2026.1.Hs_GMTs/c3.all.v2026.1.Hs.symbols.gmt,5619196,7c03a2286ec8ac321d078706cbeff79fa2ad533555933d1bb5ca0a46a2b2ee90,unverified
data/raw/pathway/msigdb_v2026.1.Hs_files_to_download_locally/msigdb_v2026.1.Hs_GMTs/c3.mir.mir_legacy.v2026.1.Hs.entrez.gmt,211914,bcfa3b609839f81c6621060e6f68235f413f2636609505d80b84f7d2697d3e79,unverified
data/raw/pathway/msigdb_v2026.1.Hs_files_to_download_locally/msigdb_v2026.1.Hs_GMTs/c3.mir.mir_legacy.v2026.1.Hs.symbols.gmt,234640,75baf4f06c0ef92dc7ad82b7e5ef7f651e0ab8ff84a9508f2c99be739454f407,unverified
data/raw/pathway/msigdb_v2026.1.Hs_files_to_download_locally/msigdb_v2026.1.Hs_GMTs/c3.mir.mirdb.v2026.1.Hs.entrez.gmt,2326974,68d722d1cc8407f8e2d2cef1723e636122df01152596b541d2b7c780d5dd83c8,unverified
data/raw/pathway/msigdb_v2026.1.Hs_files_to_download_locally/msigdb_v2026.1.Hs_GMTs/c3.mir.mirdb.v2026.1.Hs.symbols.gmt,2545324,7d1e007143f00595e68934f2e950bbc7785a9161a6e7a766518b357dd31ea728,unverified
data/raw/pathway/msigdb_v2026.1.Hs_files_to_download_locally/msigdb_v2026.1.Hs_GMTs/c3.mir.v2026.1.Hs.entrez.gmt,2538888,1c9ac29c22ba8522932f30d539221db65a0619b8cad7f607a536f70ebb159144,unverified
data/raw/pathway/msigdb_v2026.1.Hs_files_to_download_locally/msigdb_v2026.1.Hs_GMTs/c3.mir.v2026.1.Hs.symbols.gmt,2779964,684ce3ac93a73a1d6d5a3e989adb3814e4a9df49e0573e910277cd385d2e74bb,unverified
data/raw/pathway/msigdb_v2026.1.Hs_files_to_download_locally/msigdb_v2026.1.Hs_GMTs/c3.tft.gtrd.v2026.1.Hs.entrez.gmt,1671333,30f0f79b1de79743d376bcaa7e96afb8c03d76e0c1fd4668a96a2048e02f4d05,unverified
data/raw/pathway/msigdb_v2026.1.Hs_files_to_download_locally/msigdb_v2026.1.Hs_GMTs/c3.tft.gtrd.v2026.1.Hs.symbols.gmt,1824743,1c981780b00173ee7e1f86d61f0cf1a9fa80afc2bb28bfb010efc5eea3aaad6c,unverified
data/raw/pathway/msigdb_v2026.1.Hs_files_to_download_locally/msigdb_v2026.1.Hs_GMTs/c3.tft.tft_legacy.v2026.1.Hs.entrez.gmt,914966,c9c860c2673ca3f4cedd78359435333763a80c5192508c45d716f363d1c3d4e4,unverified
data/raw/pathway/msigdb_v2026.1.Hs_files_to_download_locally/msigdb_v2026.1.Hs_GMTs/c3.tft.tft_legacy.v2026.1.Hs.symbols.gmt,1014489,2d81cbe5995750fe9a52a58aa0ee8d083832ccb450be4876df602233fe956ceb,unverified
data/raw/pathway/msigdb_v2026.1.Hs_files_to_download_locally/msigdb_v2026.1.Hs_GMTs/c3.tft.v2026.1.Hs.entrez.gmt,2586299,28cff4c4075b46aea23903c803895075f32e9a125b647e12ccd3caa6339615d4,unverified
data/raw/pathway/msigdb_v2026.1.Hs_files_to_download_locally/msigdb_v2026.1.Hs_GMTs/c3.tft.v2026.1.Hs.symbols.gmt,2839232,426b3c4f863d14bb6c80d5d00fb740d407c5d263526af0757fb5d82b10ae09c6,unverified
data/raw/pathway/msigdb_v2026.1.Hs_files_to_download_locally/msigdb_v2026.1.Hs_GMTs/c4.3ca.v2026.1.Hs.entrez.gmt,60890,f1d657f2f8c692504bb05dcbe3c9137e606f2962310b41b0e4ac40a0bec81e8f,unverified
data/raw/pathway/msigdb_v2026.1.Hs_files_to_download_locally/msigdb_v2026.1.Hs_GMTs/c4.3ca.v2026.1.Hs.symbols.gmt,66346,718fc509b9891f1db00e624c571d55d593a54a1a0d9cb9d48848e3caa34e7b28,unverified
data/raw/pathway/msigdb_v2026.1.Hs_files_to_download_locally/msigdb_v2026.1.Hs_GMTs/c4.all.v2026.1.Hs.entrez.gmt,603674,7c83ec4070c76f68e39cc591775c6f43ace59faeb323c01ed4186e0aa86db70b,unverified
data/raw/pathway/msigdb_v2026.1.Hs_files_to_download_locally/msigdb_v2026.1.Hs_GMTs/c4.all.v2026.1.Hs.symbols.gmt,683609,1c3507e8e99a8b857b64f71702c6bf00a45379634352b011af09c14005ca4e58,unverified
data/raw/pathway/msigdb_v2026.1.Hs_files_to_download_locally/msigdb_v2026.1.Hs_GMTs/c4.cgn.v2026.1.Hs.entrez.gmt,257222,7366cce8834f7868851a525c79db95556640dc7deff077e80d2c0de47ceb727e,unverified
data/raw/pathway/msigdb_v2026.1.Hs_files_to_download_locally/msigdb_v2026.1.Hs_GMTs/c4.cgn.v2026.1.Hs.symbols.gmt,291149,54ed7495cd5e93ace7aa33c94cab2b66e421f17d6628aea684787c9fe7a82cb6,unverified
data/raw/pathway/msigdb_v2026.1.Hs_files_to_download_locally/msigdb_v2026.1.Hs_GMTs/c4.cm.v2026.1.Hs.entrez.gmt,285562,8ef47bb659a064decd62a806cc61d79db208b84051262ae9f625c04c790e2be9,unverified
data/raw/pathway/msigdb_v2026.1.Hs_files_to_download_locally/msigdb_v2026.1.Hs_GMTs/c4.cm.v2026.1.Hs.symbols.gmt,326114,02166b58ca63c6428734d165c8d49b6ad9ab05826d6e15bb877a823356928029,unverified
data/raw/pathway/msigdb_v2026.1.Hs_files_to_download_locally/msigdb_v2026.1.Hs_GMTs/c5.all.v2026.1.Hs.entrez.gmt,9666900,887d7889a4b2ec81613b99bd2320c47e46715caf95eee1b02bcf399c05e27981,unverified
data/raw/pathway/msigdb_v2026.1.Hs_files_to_download_locally/msigdb_v2026.1.Hs_GMTs/c5.all.v2026.1.Hs.symbols.gmt,10498916,289f15434de8e69e07a54e8c2cfea3964330d5bf78d2a95c0be9d2f3af837fd7,unverified
data/raw/pathway/msigdb_v2026.1.Hs_files_to_download_locally/msigdb_v2026.1.Hs_GMTs/c5.go.bp.v2026.1.Hs.entrez.gmt,4503469,aa115797c880569adc5bb4ef3a572cdb66fd01ec79ed5155c9a61f447feb8eb5,unverified
data/raw/pathway/msigdb_v2026.1.Hs_files_to_download_locally/msigdb_v2026.1.Hs_GMTs/c5.go.bp.v2026.1.Hs.symbols.gmt,4872550,9be09dd06d6652566eb52eed530d62e6dfecc4365c1e81afd6f0b7f2e86dd4f9,unverified
data/raw/pathway/msigdb_v2026.1.Hs_files_to_download_locally/msigdb_v2026.1.Hs_GMTs/c5.go.cc.v2026.1.Hs.entrez.gmt,708566,ee3580f42ff17673dc36aa1d6fbe87b68a07e2fa15e4a9456153fd6b4d8ec370,unverified
data/raw/pathway/msigdb_v2026.1.Hs_files_to_download_locally/msigdb_v2026.1.Hs_GMTs/c5.go.cc.v2026.1.Hs.symbols.gmt,778106,1ee846c446a87c1b6cc2b097dc415bed1c2f6b539312d2611f946038c5f7e9f8,unverified
data/raw/pathway/msigdb_v2026.1.Hs_files_to_download_locally/msigdb_v2026.1.Hs_GMTs/c5.go.mf.v2026.1.Hs.entrez.gmt,885282,424b4d07993caff42c1d214fdef997c2e31d37d897b56b709eb657785cfe179e,unverified
data/raw/pathway/msigdb_v2026.1.Hs_files_to_download_locally/msigdb_v2026.1.Hs_GMTs/c5.go.mf.v2026.1.Hs.symbols.gmt,957205,72da03f5438f1005566ecd5c85bf32e81f343910241948da603d2fafdf47f555,unverified
data/raw/pathway/msigdb_v2026.1.Hs_files_to_download_locally/msigdb_v2026.1.Hs_GMTs/c5.go.v2026.1.Hs.entrez.gmt,6097317,5f59c98567830c545237a6f5d753333a8af77c90c31d79e4da2aa088e2159ef0,unverified
data/raw/pathway/msigdb_v2026.1.Hs_files_to_download_locally/msigdb_v2026.1.Hs_GMTs/c5.go.v2026.1.Hs.symbols.gmt,6607861,02d12dd0d5966bae788bdfaafd53edb601c7d8078678c0ad8489b9047d077e35,unverified
data/raw/pathway/msigdb_v2026.1.Hs_files_to_download_locally/msigdb_v2026.1.Hs_GMTs/c5.hpo.v2026.1.Hs.entrez.gmt,3569583,5d818013fa6cf15531983b6e019fdd11345fe97041e193097ca20a5f1f1b6ee4,unverified
data/raw/pathway/msigdb_v2026.1.Hs_files_to_download_locally/msigdb_v2026.1.Hs_GMTs/c5.hpo.v2026.1.Hs.symbols.gmt,3891055,658cb6c1ba5b3937f77149fa315e45a66c1ca86e0c232b9913628abc1cddac4d,unverified
data/raw/pathway/msigdb_v2026.1.Hs_files_to_download_locally/msigdb_v2026.1.Hs_GMTs/c6.all.v2026.1.Hs.entrez.gmt,183080,f1b12bc09e9aef90a8bd4f8e31abe6f14faee6eb72c6dfc6ba05f5e5ca734166,unverified
data/raw/pathway/msigdb_v2026.1.Hs_files_to_download_locally/msigdb_v2026.1.Hs_GMTs/c6.all.v2026.1.Hs.symbols.gmt,205653,d127b735a03a85fdf90c1ab91d49d3cab2c4c507454f769b85e2df5ce3bb3561,unverified
data/raw/pathway/msigdb_v2026.1.Hs_files_to_download_locally/msigdb_v2026.1.Hs_GMTs/c7.all.v2026.1.Hs.entrez.gmt,6361280,56733b6d57f8101ffb1025182be36ce37bf3ac6b7604414362850d8e3d39f95d,unverified
data/raw/pathway/msigdb_v2026.1.Hs_files_to_download_locally/msigdb_v2026.1.Hs_GMTs/c7.all.v2026.1.Hs.symbols.gmt,7013985,328247318897265b0446b503a41be3160a60c2b805e47fbfd12d1e55a6e1da6c,unverified
data/raw/pathway/msigdb_v2026.1.Hs_files_to_download_locally/msigdb_v2026.1.Hs_GMTs/c7.immunesigdb.v2026.1.Hs.entrez.gmt,6041117,a6c7addc8ab636fe95e7bbc9e402338b3a13ddcf4a6430eb27b388e0270e05eb,unverified
data/raw/pathway/msigdb_v2026.1.Hs_files_to_download_locally/msigdb_v2026.1.Hs_GMTs/c7.immunesigdb.v2026.1.Hs.symbols.gmt,6663803,facfeff5feca6bcef83abf7bde88043096c441b718e74c862b6248404cf97f5d,unverified
data/raw/pathway/msigdb_v2026.1.Hs_files_to_download_locally/msigdb_v2026.1.Hs_GMTs/c7.vax.v2026.1.Hs.entrez.gmt,320163,0b336a6eb6cf37507527505c9501ca95d8a584c3bd8a726ee84e6c6561a7cc4f,unverified
data/raw/pathway/msigdb_v2026.1.Hs_files_to_download_locally/msigdb_v2026.1.Hs_GMTs/c7.vax.v2026.1.Hs.symbols.gmt,350182,1682a751989d9ca65dac747ae5b53d70dc3c22093594f8fa9ddf9754e7773b60,unverified
data/raw/pathway/msigdb_v2026.1.Hs_files_to_download_locally/msigdb_v2026.1.Hs_GMTs/c8.all.v2026.1.Hs.entrez.gmt,1023345,7b472668dd39e322c9acb9569900a687f765673a1150dd2ed5b2e8e63604fd1b,unverified
data/raw/pathway/msigdb_v2026.1.Hs_files_to_download_locally/msigdb_v2026.1.Hs_GMTs/c8.all.v2026.1.Hs.symbols.gmt,1127394,715a1af9f0d36e1dfd631e9daa204157e741e2a07dce90abb18f2f0aa98f8d04,unverified
data/raw/pathway/msigdb_v2026.1.Hs_files_to_download_locally/msigdb_v2026.1.Hs_GMTs/c9.all.v2026.1.Hs.entrez.gmt,39430,5303197a0432e01b82a8032ef2f6afc5f9ad3147a426c8a90d9dd67160d89892,unverified
data/raw/pathway/msigdb_v2026.1.Hs_files_to_download_locally/msigdb_v2026.1.Hs_GMTs/c9.all.v2026.1.Hs.symbols.gmt,42745,cc0515b8d5bb6509ccdab629923c63d455e8b1ed5d19d4e625992a9d427a62f6,unverified
data/raw/pathway/msigdb_v2026.1.Hs_files_to_download_locally/msigdb_v2026.1.Hs_GMTs/h.all.v2026.1.Hs.entrez.gmt,43213,7b3c4de012b2a3aa8f90e5452c21fc8c116a31c30dd98ec00253816152ac9072,unverified
data/raw/pathway/msigdb_v2026.1.Hs_files_to_download_locally/msigdb_v2026.1.Hs_GMTs/h.all.v2026.1.Hs.symbols.gmt,48686,eecaf6dad908334ae885406ec72bdc0646d8917588ed7c219fac92fc5363f596,unverified
data/raw/pathway/msigdb_v2026.1.Hs_files_to_download_locally/msigdb_v2026.1.Hs_GMTs/msigdb.v2026.1.Hs.entrez.gmt,27612839,0d5426d7a753691ecbdf17f1a9a5b13c95e56e02d66eec6ae2a34ceec5543fad,unverified
data/raw/pathway/msigdb_v2026.1.Hs_files_to_download_locally/msigdb_v2026.1.Hs_GMTs/msigdb.v2026.1.Hs.symbols.gmt,30255149,fa938f38c8f41bafa31e9c479c997a4cdaf69621e89446f149a1d9442a80dead,unverified
data/raw/protein_protein_interaction/9606.protein.aliases.v12.0.txt,199702624,510631e358af51784446f19eb482d112d29bc1e233d920b03125155ab765d2de,unverified
data/raw/protein_protein_interaction/9606.protein.links.v12.0.txt,630908617,b83b0304f72455c82a05294713e4e2c6ad38338281b07f433da14d69943c6483,unverified
data/raw/protein_sequence/uniprot_sprot.dat,4211306207,da173fc18779bb5009f3b35a7dd20eb04f84d04218a08b508cdd28b7a6cfcbbf,unverified
